Country Name,Country Code,Series Name,Series Code,2006 [YR2006],2007 [YR2007],2008 [YR2008],2009 [YR2009],2010 [YR2010],2011 [YR2011],2012 [YR2012],2013 [YR2013],2014 [YR2014],2015 [YR2015],2016 [YR2016],2017 [YR2017],2018 [YR2018],2019 [YR2019],2020 [YR2020],2021 [YR2021],2022 [YR2022],2023 [YR2023],2024 [YR2024],2025 [YR2025]
Spain,ESP,"Employment in services, male (% of male employment) (modeled ILO estimate)",SL.SRV.EMPL.MA.ZS,52.7676331005268,53.1412875961507,55.3985140556074,58.7200550218232,60.7385358808032,63.3780355488925,63.8579626665749,64.7419459433788,65.8084518622272,64.6429604512108,65.3047032890853,64.7167076615433,64.9763010711916,64.5787100958043,64.6281529988689,64.4000729156694,64.6877594414494,65.7353780150868,65.8601806703015,66.2640092599116
Spain,ESP,"Employment in services, female (% of female employment) (modeled ILO estimate)",SL.SRV.EMPL.FE.ZS,85.0347433092606,85.6684221454241,86.4127274504665,87.9701427613888,87.8781970161123,88.8203355536163,88.7389933166146,88.6075560353038,89.542319547713,89.1994384498316,89.3155475565983,88.936612474007,88.6235797150854,88.5260758260648,88.184833893736,88.1725877886676,88.4750378699514,89.0490552560885,88.6358531098191,88.9460051176079
Spain,ESP,"Employment in industry, female (% of female employment) (modeled ILO estimate)",SL.IND.EMPL.FE.ZS,11.6488255078572,11.5297211841342,11.1548542577589,9.70178713665508,9.80491842283469,8.90811578697214,8.90208317751316,9.07374436472157,8.23298023102473,8.74066694610333,8.45392178043457,8.79599506773322,9.21361894781498,9.32936881609247,9.87852504564057,9.65390957683021,9.50199223685887,9.20135777987065,9.34456706625587,9.10752378963984
Spain,ESP,"Employment in industry, male (% of male employment) (modeled ILO estimate)",SL.IND.EMPL.MA.ZS,41.229397091358,41.4061427003888,39.6135635458648,35.9105407643354,33.7503959798923,31.5106565540281,30.3357293157245,29.2558278422216,28.2376783971237,29.7882475556641,28.9165687362269,29.2904528191423,29.3831122362681,29.6778642116472,29.8401115526947,29.9269299728422,29.6311341812534,29.2735138681002,29.4065287831921,29.1286152489086
Spain,ESP,"Employment in agriculture, male (% of male employment) (modeled ILO estimate)",SL.AGR.EMPL.MA.ZS,6.00296980811526,5.45256970346052,4.9879140426391,5.36940421384141,5.51107757582266,5.11130789707943,5.80631825562899,6.00222621439953,5.95385937527695,5.56881206692041,5.77873774412229,5.99283951931448,5.64058669254032,5.74343479042496,5.5317354484364,5.67299711148839,5.6811063772972,4.9911169385633,4.7332905465064,4.60738414594989
Spain,ESP,"Employment in agriculture, female (% of female employment) (modeled ILO estimate)",SL.AGR.EMPL.FE.ZS,3.31643118288224,2.80186834820185,2.43242976555397,2.32805823651828,2.31689652330348,2.27154865941154,2.35891112281173,2.3186995999746,2.22470022126227,2.05988236238887,2.23053066296715,2.26739245825973,2.1628013370996,2.14454436361857,1.9366410606234,2.17348075870515,2.02296989318971,1.74958696404085,2.01957982392503,1.94647109275231
Spain,ESP,"Agriculture, forestry, and fishing, value added (current US$)",NV.AGR.TOTL.CD,30293832815.2941,36839820172.157,38508790438.2812,33667258099.2187,34520336283.3334,35144086225.681,31914150609.375,35545751201.5687,34878459591.3724,32847129126.9531,34993635009.3386,37054672269.4118,38672717332.549,35365319239.2156,35916356645.9145,40450901344.9606,34332544749.0274,42207320872.5498,47507843534.375,..
Spain,ESP,"Industry (including construction), value added (current US$)",NV.IND.TOTL.CD,339418496371.764,387895992785.491,428448717112.5,370886593800.781,328236840933.334,325586685389.106,276837269494.922,272818023261.569,274249059409.803,240304958928.906,246039103212.841,263091449188.236,282585880832.941,280389183098.039,259496676188.328,296874914271.313,307496520626.46,323208493043.143,335707879046.094,..
Thailand,THA,"Employment in services, male (% of male employment) (modeled ILO estimate)",SL.SRV.EMPL.MA.ZS,35.6044512480197,36.1078364963295,36.4250828297191,36.8460800912565,37.2294367001855,35.71271617875,34.5457834592436,35.1603123684128,38.6458289681384,39.4961603033292,40.1370623531103,40.6280479182248,40.1344207140459,40.4211582661617,40.5190978067896,40.1819186798493,41.7650296520146,42.0485901946918,42.8193270593375,43.2133874003535
Thailand,THA,"Employment in services, female (% of female employment) (modeled ILO estimate)",SL.SRV.EMPL.FE.ZS,44.4524357612339,44.3979779061185,44.9059195204635,45.2552483523841,45.7661323633759,44.0570196783678,42.1642708838038,44.6144452740571,48.1821268559169,49.3278677386681,50.9853622091608,51.5638894684339,50.7869732895269,51.8901084025686,52.5832624496282,52.5608811664325,53.9446481684478,54.6768112203842,55.7702997682666,56.2902708599671
Thailand,THA,"Employment in industry, female (% of female employment) (modeled ILO estimate)",SL.IND.EMPL.FE.ZS,18.3875197777706,18.3971429185681,18.3539869760804,18.1884707484388,18.205864011182,16.7628849023766,17.4905879638866,18.4325500051881,20.6323172198025,20.8234201423966,20.5599626081288,19.9086225169119,19.9983937567353,19.7954690343564,19.4429374487144,19.0245758655779,19.0499129037958,18.5962283565665,18.9741363065823,18.8922487569466
Thailand,THA,"Employment in industry, male (% of male employment) (modeled ILO estimate)",SL.IND.EMPL.MA.ZS,22.1624948346826,22.6698943931501,22.6973882190764,22.5559817945721,22.6778124434267,21.7214728747186,21.7923875265897,23.5977012650926,25.9602744270038,26.114451626141,26.3416421281938,25.3668548890664,25.2028698661762,25.4546889942313,25.2403131585528,24.998128531792,24.9253462599891,24.7571637594375,25.0334712675485,25.0669081878324
Thailand,THA,"Employment in agriculture, male (% of male employment) (modeled ILO estimate)",SL.AGR.EMPL.MA.ZS,42.2330539172977,41.22227393994,40.8775289512044,40.5979381141714,40.0927508563878,42.5658017602866,43.6618290141668,41.2419863664946,35.3938966048579,34.3893972551985,33.5213093715871,34.0050971927088,34.6627094197779,34.1241527396071,34.2405890346576,34.8199527883587,33.3096240879963,33.1942505629139,32.147201673114,31.719704411814
Thailand,THA,"Employment in agriculture, female (% of female employment) (modeled ILO estimate)",SL.AGR.EMPL.FE.ZS,37.1600503683344,37.2048791753134,36.7401049014515,36.5562865692711,36.0279979864168,39.1801008116973,40.3451303972334,36.9530047207548,31.1855447808113,29.8487176742294,28.4546807715947,28.5274823970939,29.2146329537378,28.3144170016018,27.9737945804029,28.414559426659,27.0054335177183,26.7269657292592,25.2555532094018,24.8174803830863
Thailand,THA,"Agriculture, forestry, and fishing, value added (current US$)",NV.AGR.TOTL.CD,20849700502.743,24579047198.3445,29349358083.7276,27571114480.3089,35891642619.2821,42984536169.1971,45735507908.93,47591081510.9578,41096116473.259,35605906227.2676,35045517270.1407,38363236613.1915,41563064275.6878,44217515514.7228,43554459075.4815,44003061816.7824,43217498445.584,44175899395.2938,45865619933.0314,..
Thailand,THA,"Industry (including construction), value added (current US$)",NV.IND.TOTL.CD,86811400554.1896,103681882889.484,115036873709.993,108764527235.115,136174909158.562,140842142360.357,148462965010.045,155097185387.2,149750215772.353,145185677632.176,147103713148.172,159810495114.425,176059028494.57,182743043054.592,166607384182.739,177328658361.784,174079129755.229,170148004195.943,169201597187.564,..
Morocco,MAR,"Employment in services, male (% of male employment) (modeled ILO estimate)",SL.SRV.EMPL.MA.ZS,40.9301252707384,41.7381234144053,41.8062199523312,41.9770599467204,42.2369315430349,42.4769543572206,43.248728847342,43.7551952212452,44.6406605880864,44.8232548603255,45.5676386718621,45.9231648277653,46.426745922544,47.0385780033895,46.886054476238,47.2950962661797,48.6548452768258,48.6112000403963,48.890327867909,48.8906522706941
Morocco,MAR,"Employment in services, female (% of female employment) (modeled ILO estimate)",SL.SRV.EMPL.FE.ZS,22.2758479069371,23.3614906610603,23.9466151383403,24.6585604556409,25.410415603795,26.1506580768458,27.7772044241754,29.4811026984706,31.4594038261705,33.0481496513301,35.0955406716104,36.8950220707989,38.7994442930192,40.8347309094208,40.471832578155,40.8423288633204,43.1868135094093,44.1736661346785,45.2528951277475,46.0841442159768
Morocco,MAR,"Employment in industry, female (% of female employment) (modeled ILO estimate)",SL.IND.EMPL.FE.ZS,11.8370926686257,11.9606244866716,12.1078306006271,12.2569592504166,12.3674306318924,12.4706225850608,12.0079171393637,12.4502507480923,12.9226460911653,13.2786038445928,13.5762836129801,13.9479806807889,14.302844751598,14.633183767493,14.4141204414957,14.2490658839976,15.3347387985998,15.269206061803,15.4511419798427,15.5714037747753
Morocco,MAR,"Employment in industry, male (% of male employment) (modeled ILO estimate)",SL.IND.EMPL.MA.ZS,23.8543298352606,24.2454302901835,24.5849223591277,24.6198261116271,24.8034184417728,25.0083935268508,24.4922160456614,24.7387030143621,25.0090683950089,25.100368328044,24.9873096021133,25.1880176695894,25.2063584424458,25.2727003846414,25.0111085464205,25.4217779654735,25.4006529888534,25.4789699710413,25.9502725414477,26.1570158853726
Morocco,MAR,"Employment in agriculture, male (% of male employment) (modeled ILO estimate)",SL.AGR.EMPL.MA.ZS,35.215544894001,34.0164462954113,33.6088576885411,33.4031008553348,32.9596500151923,32.5146393452525,32.2590551069965,31.5061017643928,30.3502710169047,30.0763768116305,29.4450517260245,28.8888175026452,28.3668956350101,27.6887216119691,28.1028369773415,27.2831375156459,25.9445017343208,25.909818615723,25.1593995906433,24.9523206973986
Morocco,MAR,"Employment in agriculture, female (% of female employment) (modeled ILO estimate)",SL.AGR.EMPL.FE.ZS,65.8870594244372,64.6778848522681,63.9455542610327,63.0845178632814,62.2221537643126,61.3787193380934,60.2148784364609,58.0686836244147,55.6179868141362,53.6732096077925,51.3281757154095,49.1569972484122,46.8977109553829,44.5320853230863,45.1140883902402,44.908605252682,41.4784896294864,40.5571278035185,39.2959228643742,38.3444520092479
Morocco,MAR,"Agriculture, forestry, and fishing, value added (current US$)",NV.AGR.TOTL.CD,9336873178.27596,8586320892.96175,11063019937.8736,12103238137.7915,12065592685.7973,13299834669.8806,12115740437.5875,14303484954.6202,12333790567.7586,13024627962.8706,11516520662.4008,13229470332.1235,14396604682.114,13978053204.5291,12940716008.1657,17011322487.7521,12857038814.4077,16255532249.6378,16972291769.8482,..
Morocco,MAR,"Industry (including construction), value added (current US$)",NV.IND.TOTL.CD,17265908092.7325,19496277800.231,24758832694.1128,22516662322.6719,23917098859.2587,26976931040.3436,25949403397.7154,27954659232.8075,30751562779.3651,28290982664.69,28657628119.61,30115771794.4226,32142629602.7893,32552305919.1796,31604910556.1035,36860275881.8951,34236063405.33,36980682054.3622,41177413702.7174,..
Dominican Republic,DOM,"Employment in services, male (% of male employment) (modeled ILO estimate)",SL.SRV.EMPL.MA.ZS,52.6933438789886,53.3023731046093,55.2026658793201,57.3047953095702,57.22383216735,57.7217525653108,58.3159490662487,60.3475223506191,59.710462389043,59.9470981393047,60.0334052965417,58.3568275073256,58.6188176394749,60.3369066377358,60.4673517001594,60.6051052825493,61.8950424078724,61.9864033478499,62.2463740835978,62.4565306087508
Dominican Republic,DOM,"Employment in services, female (% of female employment) (modeled ILO estimate)",SL.SRV.EMPL.FE.ZS,85.1934955443508,85.700841429642,84.604013298968,90.029322840413,89.276914054354,89.6832414736468,88.7380223981583,90.6495188749075,89.4276785749844,89.5100475892517,89.4987602879199,88.9124647991018,88.9488003018642,89.0536857417156,89.2550097974354,89.2506074346171,89.679280014224,90.5023322764574,90.6339758552197,90.7754682123889
Dominican Republic,DOM,"Employment in industry, female (% of female employment) (modeled ILO estimate)",SL.IND.EMPL.FE.ZS,13.664502092592,13.2574754787037,13.827190026243,8.93116216715593,9.4654567930419,9.17702592102929,10.3289151384554,8.45032486224196,9.22760768529225,9.17071553393944,9.48224286765598,9.91917597688244,9.69459692085107,9.68713544896272,9.49256239865589,9.34910886813544,8.81135410456737,8.15878203505671,8.05923091485136,7.94658683430713
Dominican Republic,DOM,"Employment in industry, male (% of male employment) (modeled ILO estimate)",SL.IND.EMPL.MA.ZS,29.073517747484,29.5899682176238,27.9701415272877,25.2026225626601,25.9895847921591,25.8201824491995,26.0248522286077,24.4036999045531,24.9947629162296,25.0368536441454,26.0151085579242,26.557084364796,26.8764979673352,25.8209214820172,25.7459102576778,27.1838916656819,26.300617407494,26.5708001659036,26.5567829720648,26.5792492430309
Dominican Republic,DOM,"Employment in agriculture, male (% of male employment) (modeled ILO estimate)",SL.AGR.EMPL.MA.ZS,18.2331383735274,17.1076147126594,16.8271925933923,17.4925384096484,16.7865830404909,16.4581070380412,15.6591987051436,15.2487777448278,15.2947746947274,15.0160482165499,13.951448987251,15.0860881278784,14.5046493683801,13.8421718802469,13.7867019599155,12.2110030517688,11.804306547614,11.4427964862465,11.1968429443374,10.9642201482183
Dominican Republic,DOM,"Employment in agriculture, female (% of female employment) (modeled ILO estimate)",SL.AGR.EMPL.FE.ZS,1.14191717714326,1.04168309165434,1.56871850074695,1.03959784871933,1.25755386800954,1.13980414713575,0.933130980236315,0.900156262850563,1.34471373972332,1.31917455458305,1.01893647373603,1.16830170620824,1.35654695919809,1.2591788093217,1.25248528372901,1.40028369724748,1.50936588120862,1.33883615516412,1.30679322992892,1.27794495330397
Dominican Republic,DOM,"Agriculture, forestry, and fishing, value added (current US$)",NV.AGR.TOTL.CD,2598071224.24946,2862843325.90103,3015809855.27071,2898352340.13159,3160775184.09729,3137099086.22455,3112218276.25379,3124083782.02272,3242021245.48673,3590090550.44545,3798078494.12011,3825110996.55538,3885511429.98546,3855676746.39045,3552295568.72235,3998598926.33693,4713561821.51212,5172695711.71133,5535511934.47348,..
Dominican Republic,DOM,"Industry (including construction), value added (current US$)",NV.IND.TOTL.CD,11784362587.0063,13430105244.8926,14127100582.6027,13192180066.4997,14673158961.9397,15960836724.0926,16571501405.8514,17542301137.0658,19022687954.5112,19114592965.215,19552752337.573,20387483579.7719,22880279031.7502,24387205048.8959,22640542300.4556,29279430022.3115,34980236256.1433,35304137569.9816,35699314995.2339,..
Mexico,MEX,"Employment in services, male (% of male employment) (modeled ILO estimate)",SL.SRV.EMPL.MA.ZS,52.9367755990431,53.3415604892633,53.7649939228572,54.0038755447362,52.9617477178117,53.3055109716462,53.3311755744534,52.9761651511331,52.3505468797475,52.3950352970722,52.4070915314615,52.2275817257432,52.3430540785935,52.8084472410354,52.4280811551947,52.2343679781402,52.4915083138422,53.2449259232794,53.9750296211373,54.3717573249441
Mexico,MEX,"Employment in services, female (% of female employment) (modeled ILO estimate)",SL.SRV.EMPL.FE.ZS,76.4895964264828,76.8042180474081,77.6468045865182,79.2935360462482,79.2855224501058,79.5146327169524,79.3823086441992,79.2164240633688,79.1000377055752,78.9632512487574,78.6265738164277,78.0457898739027,78.0534990515374,78.5245798043719,78.3792682639219,77.9333249521322,77.5592504865327,77.6086101451402,78.1567178818418,78.5005893464049
Mexico,MEX,"Employment in industry, female (% of female employment) (modeled ILO estimate)",SL.IND.EMPL.FE.ZS,18.1413979022119,17.9559896564762,17.3207196024816,16.1501440999955,16.1205588385367,15.949568158188,15.8487035377455,16.219070581051,16.5309897091369,16.7250928717403,17.0943806029893,17.5329078150487,17.7041927294926,17.159202648959,17.1345120110639,17.1063662576424,17.4392299172569,17.6245850565636,17.2564835141406,17.0336051610853
Mexico,MEX,"Employment in industry, male (% of male employment) (modeled ILO estimate)",SL.IND.EMPL.MA.ZS,27.2653354944244,27.1556468012999,26.7294225589661,25.9438969200429,26.8010166941372,26.9972323827498,26.915033186855,27.251743938208,27.6967145366274,28.1033505844292,28.5663762450719,28.8069326842251,28.9683741405346,28.8503063105129,29.0027557450152,29.1436889408216,29.8780471272,29.980415556475,29.6989594922833,29.5598855839862
Mexico,MEX,"Employment in agriculture, male (% of male employment) (modeled ILO estimate)",SL.AGR.EMPL.MA.ZS,19.7978925369099,19.5027784319637,19.5055764669,20.0522275352209,20.2372355880511,19.6972634715581,19.7537978929644,19.7720909106589,19.9527353495544,19.5016268213416,19.0265384818783,18.9654855900317,18.6885657320525,18.3412554278732,18.5691630997901,18.621934089461,17.6304445589578,16.7746556676575,16.3260108865794,16.0683543051916
Mexico,MEX,"Employment in agriculture, female (% of female employment) (modeled ILO estimate)",SL.AGR.EMPL.FE.ZS,5.36900567130533,5.23979855293529,5.03247581100023,4.55631985375636,4.5939068644298,4.53579912485955,4.76897684426952,4.5645053555802,4.3689725852879,4.31164537260936,4.27904044714315,4.42130231104861,4.24231808440153,4.31621754666912,4.48621972501422,4.96032293173474,5.00151064292596,4.76681333600734,4.58680280099663,4.46580549250984
Mexico,MEX,"Agriculture, forestry, and fishing, value added (current US$)",NV.AGR.TOTL.CD,30025943203.2062,33532175198.7886,35180654728.2379,29252205576.2859,34179810170.269,36571697351.5544,38264920166.0387,40148878420.8446,41305511418.1359,37432395226.5569,36106314553.8875,39264180884.4174,41419707634.0672,43231438885.3857,41604382582.5176,49801416203.2453,57182079471.4654,69011331815.2432,69140535233.8707,..
Mexico,MEX,"Industry (including construction), value added (current US$)",NV.IND.TOTL.CD,350824941954.679,375070987268.525,404778874364.011,301893499784.474,359699376990.739,415690561142.045,427946748852.534,427013357978.928,435517489420.686,374183090870.44,340530209775.388,380538921820.639,402567140292.456,415205195172.686,347529858033.34,420901057264.633,486491745870.669,586358214095.647,589911099638.14,..
South Africa,ZAF,"Employment in services, male (% of male employment) (modeled ILO estimate)",SL.SRV.EMPL.MA.ZS,58.0316494100378,57.5719644905931,57.7913963318417,59.0405180684631,60.4312972021525,61.6020032452612,62.0563522586108,61.4756990682184,61.7998792858183,59.9919250314297,60.8536866110373,61.3177426446385,61.4600353840793,63.0134300444793,64.6575828237144,64.9196652600365,64.5705425433298,64.8537070368851,64.8509042718179,64.8485184233692
South Africa,ZAF,"Employment in services, female (% of female employment) (modeled ILO estimate)",SL.SRV.EMPL.FE.ZS,81.0844202949613,82.1980288706777,82.4175846774217,82.9879692562306,83.2474086386984,83.3812017692431,83.93571418524,83.9020376734834,84.5830443082805,83.8765876206688,84.0685614316506,83.8789010576288,84.3816124258222,84.1461192669359,84.2051349057103,84.8590605014141,84.3989852457504,85.1965616958738,84.6285135227123,84.6095638368378
South Africa,ZAF,"Employment in industry, female (% of female employment) (modeled ILO estimate)",SL.IND.EMPL.FE.ZS,14.3566979885584,13.5318660942672,13.4500008519594,13.3509767863809,13.2022011916383,13.154497040325,12.4740931440695,12.5805196304074,12.1956076459892,11.8690227287506,12.0331135855066,12.3317878767477,11.7314249085353,12.0644119573704,11.8312145698509,11.4167944658362,11.624026153392,10.8455473807404,11.56726424558,11.591912910968
South Africa,ZAF,"Employment in industry, male (% of male employment) (modeled ILO estimate)",SL.IND.EMPL.MA.ZS,35.1897719007471,35.6689437542964,35.6156621903768,34.8776386221009,33.8622672805897,33.0246641310178,32.2644276293385,32.4380830595028,32.5232778389713,33.3860818674257,32.3369712532371,32.2740517768735,32.4164723323441,30.5662092039489,28.6815932478387,27.8501046694726,28.6392146628267,28.4099594356728,28.3719440176062,28.4032471266817
South Africa,ZAF,"Employment in agriculture, male (% of male employment) (modeled ILO estimate)",SL.AGR.EMPL.MA.ZS,6.77859046232288,6.7590917551106,6.59294147778146,6.08184330943608,5.70644780128764,5.37333262372103,5.67920825056487,6.08621787227882,5.67685421200439,6.62199310114466,6.80934213572555,6.408205578488,6.12350289858811,6.42036075157176,6.66081255535143,7.23024156757711,6.7902318467299,6.73633352744213,6.77714152418021,6.74824459620538
South Africa,ZAF,"Employment in agriculture, female (% of female employment) (modeled ILO estimate)",SL.AGR.EMPL.FE.ZS,4.55886656243716,4.27010503505512,4.13241447061886,3.66105395738847,3.55039016966335,3.46430119043194,3.59019267069045,3.51742839453857,3.22134804573027,4.25438965058057,3.89831126803292,3.78931106562352,3.88696266564245,3.78946877569366,3.9636505244388,3.72415974344547,3.9769886008576,3.957878076636,3.80422223170767,3.79852325219423
South Africa,ZAF,"Agriculture, forestry, and fishing, value added (current US$)",NV.AGR.TOTL.CD,6232070062.55142,7847010452.97156,8132441116.76927,7912435939.82964,8797142457.91208,9365107795.86434,8586837257.45746,7724469130.17347,8103329441.92394,7745421796.45039,7811956311.86773,9512565346.39335,9161744693.14699,7593185943.35563,8715221380.50641,10322725273.5326,10621035179.2719,9670175099.03934,11276969219.4595,..
South Africa,ZAF,"Industry (including construction), value added (current US$)",NV.IND.TOTL.CD,75536585543.4259,84250585484.2155,85170680418.6257,84888839067.9179,105607500892.611,113814422971.515,106291732798.207,98424498839.4023,92651460302.0914,82282235249.8294,76956844528.4456,90062187885.4344,95386463140.2654,91967599718.6407,78881386533.4719,104579112069.429,101825760814.798,93696968012.9975,97520478738.8144,..
Indonesia,IDN,"Employment in services, male (% of male employment) (modeled ILO estimate)",SL.SRV.EMPL.MA.ZS,37.7478271286487,38.4893193689657,38.3643611292239,38.6452878095399,39.6000698833627,39.7016155268912,39.5002573271753,39.8504170368013,39.7285690808397,40.4392939790507,41.4255777069794,42.1652040856898,42.8615908153259,43.5276341491224,43.197825900448,43.3920113777047,43.4523850136336,44.0143718572848,44.3525012120134,44.5813207382271
Indonesia,IDN,"Employment in services, female (% of female employment) (modeled ILO estimate)",SL.SRV.EMPL.FE.ZS,45.5385841173983,45.5533498541277,45.8952500738342,47.4685045527813,48.4415519984699,49.9085304244488,50.7063885335088,51.3623590054228,52.210946900753,52.6155829709898,54.8817656848777,55.4157023987249,56.3123916703441,57.643559851075,57.9311281620093,58.0745536940029,57.1306821195456,57.2918552093539,57.9809510487163,58.6569989907696
Indonesia,IDN,"Employment in industry, female (% of female employment) (modeled ILO estimate)",SL.IND.EMPL.FE.ZS,14.6666331227596,14.3490902213822,14.7801260109687,14.5999145210999,15.1253771500074,15.2328175716637,15.9286852045773,16.1586167274126,15.8377996087039,16.1733592484889,16.3966210111394,17.0687248774827,17.3860264489621,17.0311924893239,16.1865949198316,15.9082389719347,16.3181943309768,15.9007564717787,16.0731486026266,16.0842557775596
Indonesia,IDN,"Employment in industry, male (% of male employment) (modeled ILO estimate)",SL.IND.EMPL.MA.ZS,18.8051463008156,19.3943716169479,20.0926731950402,19.9946732193026,20.2533973163873,22.2839498983444,23.5813783588346,24.0953129925178,24.9973692519565,25.8121934877299,25.229641879158,25.3763300662397,25.6424070182206,25.9408973535615,25.2311857713781,25.6484619454632,25.4823576042991,25.9148343919661,26.365095438889,26.7796797024119
Indonesia,IDN,"Employment in agriculture, male (% of male employment) (modeled ILO estimate)",SL.AGR.EMPL.MA.ZS,43.4470265705357,42.1163105557045,41.5429656757359,41.3600285504251,40.14653280025,38.0144359865001,36.91836431399,36.0542699706809,35.2740522716751,33.7485125332194,33.3447790871776,32.4584606285361,31.4960098707691,30.531469749573,31.5709883281739,30.9595317782098,31.0652586070052,30.0707901679123,29.2823962702691,28.638999559361
Indonesia,IDN,"Employment in agriculture, female (% of female employment) (modeled ILO estimate)",SL.AGR.EMPL.FE.ZS,39.7947827598421,40.0975599244901,39.324616424413,37.9315906302568,36.4330614509009,34.8586542976227,33.3649351377864,32.4790176436325,31.9512469766142,31.2110620780829,28.7216196066869,27.5155727237924,26.3015877916663,25.325247659601,25.8822826536235,26.0172150158565,26.5511254303295,26.8073883188674,25.9459093340623,25.2587381539466
Indonesia,IDN,"Agriculture, forestry, and fishing, value added (current US$)",NV.AGR.TOTL.CD,47298659468.8724,59285800240.6739,73889985655.6823,82502594457.3776,105178671354.324,120660548894.226,122755685720.593,121883103723.842,118805781442.36,116151993169.348,125605406665.306,133621208974.58,133499323857.772,142266719988.167,145073719801.151,157570493811.041,163563932040.55,171799580955.573,176054814059.639,..
Indonesia,IDN,"Industry (including construction), value added (current US$)",NV.IND.TOTL.CD,171142374151.96,202273722787.441,245219682002.07,257121363819.561,322998067577.38,392133303956.556,400133864156.945,389060847471.237,373503858417.929,344753718607.342,366306491606.998,399942077481.343,414091743597.33,435909185521.545,404965560449.002,472762641108.693,546493914012.596,551425090258.388,549004054785.197,..
France,FRA,"Employment in services, male (% of male employment) (modeled ILO estimate)",SL.SRV.EMPL.MA.ZS,60.259585431174,61.4061103663986,62.3117615507629,62.3708594013851,62.9715766276515,63.554933897072,63.9404925098641,64.3240711088072,65.5468746960982,65.7003806271928,65.5229018119824,66.379229115648,66.4194862344714,66.0407289058158,66.8545478846587,67.7165125105994,68.1939101467208,68.4458603249702,67.9746965308573,68.3285945176918
France,FRA,"Employment in services, female (% of female employment) (modeled ILO estimate)",SL.SRV.EMPL.FE.ZS,85.9529814488081,86.2314235049191,87.145546563768,87.7573352223138,87.9990565742093,87.5036004125537,87.8244094785226,87.9992470284103,88.6532173609964,88.9251151608018,89.0642729366972,88.5335547101483,89.0442219925297,89.0022028610113,89.3401623769474,88.8480375911872,88.6710081685541,88.6033962997171,88.7586487860037,88.9615780102264
France,FRA,"Employment in industry, female (% of female employment) (modeled ILO estimate)",SL.IND.EMPL.FE.ZS,11.8418204816366,11.6252202750362,10.9850982882096,10.3341979677802,10.2038235784393,10.5877580438576,10.3085296896918,10.1446902664702,9.68451281836921,9.41992089875592,9.29338486891715,9.89456277308419,9.57783263351475,9.53950626562641,9.23043857542006,9.70535546731497,9.76000825261631,9.79168839264067,9.79889680042438,9.6421599559867
France,FRA,"Employment in industry, male (% of male employment) (modeled ILO estimate)",SL.IND.EMPL.MA.ZS,34.8280203098439,34.0639591711349,34.140522121377,33.7473423320465,33.1083669238609,32.599271623736,32.1576477408668,31.4892577465911,30.518844121147,30.5432207761816,30.4679906058314,30.0659859301462,30.0527943737512,30.4630739592133,29.9398795767064,28.7616937539066,28.2482418291489,28.1960287998669,28.7385372268408,28.4555656054522
France,FRA,"Employment in agriculture, male (% of male employment) (modeled ILO estimate)",SL.AGR.EMPL.MA.ZS,4.91239425898207,4.52993046246649,3.54771632786011,3.88179125101252,3.92004943938765,3.84578748028495,3.901845729033,4.18666415074229,3.93428118275482,3.75639859662559,4.00910053035419,3.55477799513282,3.52771939177747,3.49619024990118,3.20557253863487,3.52179373549404,3.55784802413028,3.35812410054971,3.28675963613497,3.21583987685601
France,FRA,"Employment in agriculture, female (% of female employment) (modeled ILO estimate)",SL.AGR.EMPL.FE.ZS,2.20520619090449,2.14336413293336,1.8693551480224,1.90845898090883,1.79711984735133,1.90864933879861,1.86706083178559,1.85605504050633,1.66226213675114,1.6549639404423,1.64234219438565,1.57187493675426,1.37794537395552,1.45829087336231,1.42940648451752,1.44661410685569,1.56898357882964,1.60490832273432,1.44246141472425,1.39625500290903
France,FRA,"Agriculture, forestry, and fishing, value added (current US$)",NV.AGR.TOTL.CD,33077369847.1764,40281501672.0393,41569579644.2969,33276161108.125,39716747901.6667,44530736473.7355,40941204296.8359,38338119379.0197,41818281988.4704,36725209533.5547,33053676613.7744,37149226583.8824,42588762487.0588,38344688699.6078,38671219441.0896,43409171408.5264,48075145391.2453,45377924868.8243,41079261216.3281,..
France,FRA,"Industry (including construction), value added (current US$)",NV.IND.TOTL.CD,440831581069.764,501920039743.845,545366423100.781,486548926134.765,465593284193.334,507488372209.145,468679344401.953,494784664602.237,496184680635.057,420997232611.289,418569988295.371,433591517918.118,465226518642.117,460342807442.352,430887771120.624,477231812073.248,440714439385.799,553517088787.265,543916859013.828,..
Iceland,ISL,"Employment in services, male (% of male employment) (modeled ILO estimate)",SL.SRV.EMPL.MA.ZS,58.8355794027119,60.0078918812272,60.0183623906648,63.6347861922372,63.2861531709458,63.126397474681,63.1955073619764,65.234935907514,65.3039165176632,65.8374225332838,67.8329108261259,67.9491708103506,68.6541106761189,67.3823997495369,67.1992489606151,65.2719111824411,66.5905465536059,67.0966171817961,67.053324099723,67.3726081248009
Iceland,ISL,"Employment in services, female (% of female employment) (modeled ILO estimate)",SL.SRV.EMPL.FE.ZS,87.7459891417068,89.069933396765,89.3325646787534,89.0677105988111,89.978675454964,90.0548027702499,90.4736091634358,89.7531830635692,90.0429117228553,91.3401547292239,90.9044795992772,91.1594519067951,91.4295980699143,91.4244053586075,90.695722424484,90.873409396954,91.0508435204274,90.6546651034378,90.7127148022515,90.9355700986266
Iceland,ISL,"Employment in industry, female (% of female employment) (modeled ILO estimate)",SL.IND.EMPL.FE.ZS,9.42353443542976,8.47526165556613,8.44382742920338,8.82267652602581,7.78345893813459,8.02890695573622,7.38165663041045,7.80052034167568,7.97060042799682,6.91724265144692,6.92071140982151,6.89999065041917,7.3610184282121,7.2096155209251,7.50700338890579,7.38749647692516,7.2698587841304,7.39476570477667,7.51388526484512,7.35643838141764
Iceland,ISL,"Employment in industry, male (% of male employment) (modeled ILO estimate)",SL.IND.EMPL.MA.ZS,31.8817070127277,31.2005524316859,33.3820364483582,29.0860978863235,28.0941408821593,28.1325354026919,28.1415051630845,28.5004559318303,27.8621288804033,27.6739457684112,26.7540262451536,26.7097790940956,24.8933093499806,26.2881890996374,26.8416111582994,28.6434863890089,27.2235748467803,27.5590167924069,27.6182007051121,27.4213973290241
Iceland,ISL,"Employment in agriculture, male (% of male employment) (modeled ILO estimate)",SL.AGR.EMPL.MA.ZS,9.28271358456035,8.79155568708691,6.60058838628152,7.27911592143934,8.61970594689489,8.73997106405366,8.6629874749391,6.2646081606557,6.83395460193351,6.48765420030889,5.41306292872055,5.34014437228849,6.45346171480972,6.32941115082575,5.95824578657964,6.08460242855001,6.1858785996138,5.34436602579703,5.3276882397381,5.20599454617494
Iceland,ISL,"Employment in agriculture, female (% of female employment) (modeled ILO estimate)",SL.AGR.EMPL.FE.ZS,2.83169645580431,2.45599429115128,2.22478440415544,2.10961287516311,2.2378656069014,1.91508581752484,2.14473420615374,2.44629659475514,1.98648784914793,1.74260261932922,2.17480899090131,1.94055744278576,1.20835686053077,1.36699170691698,1.79622498977033,1.73805025209558,1.67929769544218,1.95056919178549,1.77339993290342,1.70891326389529
Iceland,ISL,"Agriculture, forestry, and fishing, value added (current US$)",NV.AGR.TOTL.CD,832989412.938159,910302833.502459,884009453.32407,740329687.216916,866746548.954301,978966797.816756,969771532.086563,941263194.211102,943121991.170378,929304951.948651,957113321.133497,939260454.795255,1132905348.67295,1078915398.50407,1013747163.20151,1099793326.55659,1192306171.2327,1325818186.27415,1324225109.08448,..
Iceland,ISL,"Industry (including construction), value added (current US$)",NV.IND.TOTL.CD,3867370376.17555,4338538474.74826,4129624072.88861,2562415802.85736,3042877705.5316,3421538928.81485,3130349805.5004,3393288767.50221,3725809412.13252,3531144206.44986,4113994241.11019,4879459381.69509,5263928706.68966,4889698149.52112,4500415743.29478,5468691197.6479,6256239651.85432,6340834022.99271,6682323768.14367,..
United States,USA,"Employment in services, male (% of male employment) (modeled ILO estimate)",SL.SRV.EMPL.MA.ZS,65.1033325131853,65.5565105369648,66.2407330846749,67.8386392669862,68.2697753748887,68.4952531762406,68.7293659376912,68.4484756107605,68.4026374036069,68.5383338876824,68.6047687506657,68.6607699894544,68.5697932201036,68.5957643663601,69.3785442819035,69.7341019226001,69.7054148664438,69.6275025577041,69.9217539717782,70.1365840960806
United States,USA,"Employment in services, female (% of female employment) (modeled ILO estimate)",SL.SRV.EMPL.FE.ZS,89.2422807883944,89.3205699230083,89.7452221508982,90.6860231135497,90.8213902599376,90.5369589179004,90.5161308510471,90.551047123809,90.4834920742464,90.4512765604379,90.569564101477,90.587323353842,90.516176315766,90.3972045605605,90.3689383056915,90.5499226952174,90.4399903688202,90.3631337941105,90.6463162136687,90.7924502161113
United States,USA,"Employment in industry, female (% of female employment) (modeled ILO estimate)",SL.IND.EMPL.FE.ZS,9.82088448884195,9.82971305126242,9.38785999231629,8.45695400098851,8.22348931056804,8.47915734756207,8.49719393119421,8.5682099776332,8.6186750340779,8.56833068154907,8.44010390330769,8.44068770139254,8.49645961678934,8.62874445388498,8.59814781470377,8.45546938170667,8.56679487714471,8.64913757736993,8.35734135051235,8.24590464938051
United States,USA,"Employment in industry, male (% of male employment) (modeled ILO estimate)",SL.IND.EMPL.MA.ZS,32.4331126635206,32.0842054518758,31.331910886098,29.6796326870573,29.1122647646965,28.8863231458468,28.7897805568173,29.118294928171,29.1079390618361,28.8119692607575,28.7555707938026,28.7070329106808,28.9264944027125,28.9432281115678,28.2900686974873,28.0514920999842,28.1540628995006,28.3140164880271,28.0278233390413,27.8656375838607
United States,USA,"Employment in agriculture, male (% of male employment) (modeled ILO estimate)",SL.AGR.EMPL.MA.ZS,2.46355482329414,2.35928401115938,2.42734498944548,2.48171775142658,2.61795986041483,2.61842367791262,2.48085597845995,2.43322702074749,2.48941397010072,2.64969919610921,2.6396512518391,2.63218804530386,2.50371237718387,2.46100861918689,2.33138469896385,2.21439583474204,2.14052223405559,2.05848095426876,2.05042268918046,1.99777832005866
United States,USA,"Employment in agriculture, female (% of female employment) (modeled ILO estimate)",SL.AGR.EMPL.FE.ZS,0.936827248368355,0.849717025729317,0.866926677145058,0.85702889370199,0.955112884467409,0.983882229534464,0.986676705422542,0.880742898557755,0.897824212908896,0.980392758013009,0.990341812285253,0.971997192642586,0.987364067444686,0.974052313523973,1.03291246381634,0.994607923075903,0.993214754035065,0.987728628519609,0.996342435818904,0.961645134508177
United States,USA,"Agriculture, forestry, and fishing, value added (current US$)",NV.AGR.TOTL.CD,139466580000,155615884000,155526692000,139030815000,154919659000,187283956000,186811721000,222512729000,205705398000,188238199000,176228444000,184424799000,185598437000,179346384000,199831763000,223723739000,..,..,..,..
United States,USA,"Industry (including construction), value added (current US$)",NV.IND.TOTL.CD,2982365475000,3100941316000,3071171493000,2789702655000,2905993746000,3027517601000,3114685522000,3240903821000,3392812407000,3383977115000,3373013267000,3590729593000,3825493014000,3908533954000,3687357961000,4169821339000,..,..,..,..
United Arab Emirates,ARE,"Employment in services, male (% of male employment) (modeled ILO estimate)",SL.SRV.EMPL.MA.ZS,56.8794361958029,58.2411095964743,59.6400053085126,59.6815051556624,59.8017508496869,59.9253630561117,60.1753399666733,60.2347425781091,60.1857376896808,59.8386545524806,59.9420304818568,60.4557874677613,60.714340098161,60.5903688727218,62.2024896489526,61.2113344904159,61.1553789224847,61.1572415211528,61.3968942757572,61.3145106217189
United Arab Emirates,ARE,"Employment in services, female (% of female employment) (modeled ILO estimate)",SL.SRV.EMPL.FE.ZS,92.0076512822527,92.4907915336094,92.7889650534339,92.6091641422711,92.5583178810979,92.517892760765,92.5019413914179,92.4331719753622,92.3784468755802,92.2047753249957,92.1905820688501,92.2631376932039,92.3154791547296,92.1368903383662,90.600255643348,91.1262542120229,91.1640713796964,91.1707148303533,91.2468403100059,91.2506253894296
United Arab Emirates,ARE,"Employment in industry, female (% of female employment) (modeled ILO estimate)",SL.IND.EMPL.FE.ZS,7.89388388516201,7.3981255009115,7.08511241956896,7.2660366234144,7.31677654922968,7.35695568852908,7.3737142748248,7.44440842431469,7.50152946464172,7.67814025461423,7.69476061364317,7.62534895478425,7.57546736912971,7.75378984254444,9.30419449143426,8.8036758903183,8.7692212993899,8.7650609491883,8.69108919280111,8.68915306156901
United Arab Emirates,ARE,"Employment in industry, male (% of male employment) (modeled ILO estimate)",SL.IND.EMPL.MA.ZS,38.9275441101539,37.8547558861287,36.7246179287556,36.6937022601406,36.5692774131718,36.4378883641801,36.1996114221849,36.1897212319956,36.2979607735736,36.740906337821,36.6947695147016,36.2231315729617,36.0062645456379,36.1390283876098,35.1217560136948,36.7213372304384,36.8649280825935,36.9217899269266,36.7270447292238,36.8539552902126
United Arab Emirates,ARE,"Employment in agriculture, male (% of male employment) (modeled ILO estimate)",SL.AGR.EMPL.MA.ZS,4.1930196940432,3.904134517397,3.63537676273186,3.62482110476117,3.62897173714129,3.63674857970824,3.62504861114174,3.57553618989534,3.5163015367456,3.42041666881725,3.3632000034416,3.32108095927702,3.27939535620112,3.27060273966839,2.67575433735268,2.06732827914569,1.97969299492176,1.92094982044948,1.87606099501903,1.83151654615077
United Arab Emirates,ARE,"Employment in agriculture, female (% of female employment) (modeled ILO estimate)",SL.AGR.EMPL.FE.ZS,0.0982192843742941,0.111082965479152,0.125922526997159,0.124799234314472,0.124905569672413,0.125151550705933,0.124344333757343,0.122309708401787,0.119922202753747,0.11708442039007,0.114570191885468,0.11151335201189,0.108971971300516,0.109319819089402,0.0956201741693349,0.0699916072703586,0.0667073209137472,0.0642242204583701,0.062006308467905,0.060221549001372
United Arab Emirates,ARE,"Agriculture, forestry, and fishing, value added (current US$)",NV.AGR.TOTL.CD,2430496936.69163,2518992511.91287,2609938733.83254,2628999319.26481,2253505786.24915,2398366235.53438,2465622872.70252,2585976855.0034,2658407079.64602,2736010891.7631,2827773995.91559,3040163376.44656,3108781484.00272,3187746766.50783,3439346494.21375,3761198093.94146,3788972089.85705,3993192648.05991,4249693669.1627,..
United Arab Emirates,ARE,"Industry (including construction), value added (current US$)",NV.IND.TOTL.CD,128612389380.531,141441797140.912,183031994554.118,131958611300.204,154666031313.819,205655003403.676,217436351259.36,217061946902.655,215613342409.803,161035262083.05,152209394145.677,167042614023.145,201529748127.978,188614567733.152,144013342409.803,191708917631.042,252292171545.269,237274336283.186,244841660993.873,..
Argentina,ARG,"Employment in services, male (% of male employment) (modeled ILO estimate)",SL.SRV.EMPL.MA.ZS,57.6655539861515,57.5227612692676,57.4976271097491,58.2261976008326,58.4069999561472,57.9096177024051,58.1578787138467,57.4095620171315,56.5145995432301,57.5042417503205,58.8168901379183,59.7976581568451,60.1798431369544,60.5298666843143,60.7753118667021,60.8238132432287,60.3867960402459,60.0517828268855,60.6419941290969,60.7545112973813
Argentina,ARG,"Employment in services, female (% of female employment) (modeled ILO estimate)",SL.SRV.EMPL.FE.ZS,84.82945250753,85.2437004100639,85.6581134052277,86.2448022655337,86.7090448135752,85.8935603274869,86.4652336411524,87.1257765328318,87.6025005454125,87.537690624156,87.5316558055985,87.4702600253669,87.4833875268683,87.3911031260414,85.9577908460621,86.9481806732726,86.0833229526154,86.0639733164069,86.4540535238065,86.7237183860129
Argentina,ARG,"Employment in industry, female (% of female employment) (modeled ILO estimate)",SL.IND.EMPL.FE.ZS,10.3740185102897,10.1812024691485,9.95568320718703,9.43460431564005,9.19809258663585,10.0060367230404,9.54052415184479,8.989669317065,8.55463860448135,8.72660761358559,8.81297902445065,8.96695425395538,8.98597556488354,9.13927622371679,9.83992967284676,8.95568473950154,9.9103281418047,10.0350326693945,9.77394621156298,9.6457050110413
Argentina,ARG,"Employment in industry, male (% of male employment) (modeled ILO estimate)",SL.IND.EMPL.MA.ZS,29.1183121256469,29.7629992092739,30.1497126742135,29.5014332834208,29.8129069138621,30.6142596329047,30.5216914136689,31.4664367665232,32.3914964447098,31.6358629598329,30.309609534882,29.5316585960452,29.1299196547155,28.8747738664404,28.8956480860096,28.7925101290023,29.4142465398559,29.9752508547974,29.5288493551456,29.7442433845878
Argentina,ARG,"Employment in agriculture, male (% of male employment) (modeled ILO estimate)",SL.AGR.EMPL.MA.ZS,13.2161442541464,12.7142395214585,12.3526502006729,12.2723691157466,11.7801028967535,11.4761226646903,11.3204204179219,11.1240012163453,11.0939040120601,10.8598858966111,10.8734909262621,10.6706738584813,10.6902278637906,10.5953594492453,10.3290400472883,10.3836676467638,10.1989487617456,9.97297477956338,9.82915651575752,9.50124531803088
Argentina,ARG,"Employment in agriculture, female (% of female employment) (modeled ILO estimate)",SL.AGR.EMPL.FE.ZS,4.79652898218025,4.57508200823997,4.38620338758528,4.32057876390422,4.09286259978896,4.1004172714728,3.99424220700286,3.88455415010314,3.84287481713665,3.73570176225836,3.6553651699508,3.56278572067775,3.53063690824815,3.46962065024176,4.20227948109119,4.09614704789845,4.00633720899631,3.90098277389007,3.77198885814207,3.63057660294577
Argentina,ARG,"Agriculture, forestry, and fishing, value added (current US$)",NV.AGR.TOTL.CD,16129176942.5676,21427791191.1784,26462268578.7967,17559926036.6081,30213817111.0998,37104355520.7365,31567304377.5225,33413631489.5722,35330279234.9601,30669352553.9863,34926979196.276,33672207049.2462,23815691141.681,23814083576.0785,24521654022.3675,35476761997.5008,41473141590.8404,37972587012.1696,37063607556.0073,..
Argentina,ARG,"Industry (including construction), value added (current US$)",NV.IND.TOTL.CD,67914347258.316,78827167842.031,94990190458.2193,84190456294.3594,107003102712.487,133667164135.528,133378346124.392,132518500700.684,127776703489.575,137702635919.615,122958775736.16,140195929699.173,124485138945.759,103690347876.497,86440113649.2014,114339954178.903,152867709924.856,163483863374.078,153185989282.723,..
Croatia,HRV,"Employment in services, male (% of male employment) (modeled ILO estimate)",SL.SRV.EMPL.MA.ZS,47.5345071926385,48.0972488671957,47.08994601903,47.9200573217872,48.7931332262301,48.584251627822,51.2077141433795,51.0526695906469,52.4337027044045,52.7223948037278,53.6053470847699,54.5467701191741,55.3440373034085,55.04057510101,53.3461404242234,52.5174708476304,54.3499063534204,55.8332166154256,56.8021371719193,57.3530176823876
Croatia,HRV,"Employment in services, female (% of female employment) (modeled ILO estimate)",SL.SRV.EMPL.FE.ZS,67.2622054899147,68.3305529932814,67.9846398169851,69.4453800099533,69.63828981432,68.2954094547445,71.8805438484507,75.4521879094355,77.1093306415999,77.7087699944843,80.3051631147052,81.5771017615613,79.7799591791778,79.5472626703048,80.4217644862276,79.162785563913,80.4934452966064,81.5438838905396,82.1825692534051,82.5707586175067
Croatia,HRV,"Employment in industry, female (% of female employment) (modeled ILO estimate)",SL.IND.EMPL.FE.ZS,17.8007363329248,18.103480985745,18.0202572626397,16.38285518954,14.8704805681942,16.3233221591298,16.3932347259269,15.0990201347831,15.0601083703096,14.9851075565361,14.3164826081711,13.2650302285844,15.2565443175158,16.1862479959185,15.3327219610772,15.9783878661921,15.5610754908282,15.2056018451181,14.8614424105936,14.5906916697329
Croatia,HRV,"Employment in industry, male (% of male employment) (modeled ILO estimate)",SL.IND.EMPL.MA.ZS,38.7911751319567,40.5013655370341,41.0271564557556,39.4570861355527,37.988414165871,37.4769515649397,36.7181992499224,37.7607191865084,36.906930133147,36.5355831685964,37.1434444764215,36.8885292285749,37.5044957363758,37.2978374395138,38.725786593786,39.1734465976139,38.2241699094447,38.2607807165178,37.3280990369874,36.9763637519726
Croatia,HRV,"Employment in agriculture, male (% of male employment) (modeled ILO estimate)",SL.AGR.EMPL.MA.ZS,13.6744255272337,11.4014884610835,11.8828975252144,12.6228565426601,13.2184526078989,13.9387968072383,12.0739691133482,11.1866112228447,10.6593671624484,10.7420220276758,9.25120843880865,8.5645848817636,7.15158186721577,7.66158745947623,7.9280729819906,8.30896825414968,7.42592373713496,5.90588786355715,5.86987854474015,5.67061856563987
Croatia,HRV,"Employment in agriculture, female (% of female employment) (modeled ILO estimate)",SL.AGR.EMPL.FE.ZS,14.9369262651353,13.5659660209736,13.9949752592797,14.1717648005067,15.4912296174858,15.3812683861257,11.7262214256224,9.44879195578132,7.83056098809048,7.30598455598456,5.37835427712372,5.15786800985431,4.963632482061,4.26648933377666,4.24537626850591,4.85896117461463,3.94547921256541,3.25051426434226,2.95598833600136,2.83854971276046
Croatia,HRV,"Agriculture, forestry, and fishing, value added (current US$)",NV.AGR.TOTL.CD,1972523580.16755,2188089674.52009,2657187653.51477,2483806240.05334,2149345368.92928,2279534125.56672,1889828620.47124,2057320822.62552,1751723130.10393,1511521712.35772,1611010666.08813,1623800400.13963,1819738880.88433,1756014513.19666,1813351296.3405,2318295421.88681,2415856594.09394,2298112483.2804,2692708413.38582,..
Croatia,HRV,"Industry (including construction), value added (current US$)",NV.IND.TOTL.CD,11605468514.575,13602208559.8655,15583265235.2839,14140378325.376,12601842193.8758,13523902164.6986,12107928888.866,12272996527.0169,12310410386.7395,10388544635.7346,10675954479.8456,11108563914.4546,11895726078.8436,12032908259.2224,11647900235.636,13514397361.1599,14286126204.105,18113262573.0823,17845064743.7472,..
Chile,CHL,"Employment in services, male (% of male employment) (modeled ILO estimate)",SL.SRV.EMPL.MA.ZS,56.1404393655047,56.3599367882011,56.3579446754675,56.7296035407728,56.8806190552817,56.7252600780371,56.362089333115,56.7822777287566,57.6720070721436,57.7874202979391,58.857215946072,59.4047094512659,59.5711061898305,59.8853729110634,60.7388012667883,59.980990001886,60.1258190019888,61.0170487700656,61.8125309276459,62.1292012307492
Chile,CHL,"Employment in services, female (% of female employment) (modeled ILO estimate)",SL.SRV.EMPL.FE.ZS,85.0067153049366,85.3169270087466,85.575430648639,85.7200121217209,85.9454461396209,85.6175755516857,85.4407734374013,85.6939148982437,85.6086296585918,85.3595310837605,85.4876824398752,85.5570633735921,86.3829934115434,86.6916202776467,85.6879492610911,85.6415171387273,85.7349932591685,86.0927232790127,86.0407423538692,86.3208118536264
Chile,CHL,"Employment in industry, female (% of female employment) (modeled ILO estimate)",SL.IND.EMPL.FE.ZS,10.7953295943681,10.6440375910953,10.5302835703555,10.4723119949203,10.3697279681851,10.6321523003359,10.9692910999129,10.8640585506729,11.1167889703321,11.4070096445866,10.9049419405177,10.7686640947599,10.1048619530653,10.06838062486,10.4336780252107,10.8522193931516,10.8700053349753,10.7157741573196,10.4798713250602,10.3067378326477
Chile,CHL,"Employment in industry, male (% of male employment) (modeled ILO estimate)",SL.IND.EMPL.MA.ZS,29.7741552054268,30.0116189262139,30.4732884675207,30.2580002893829,30.4634485687795,31.0978103165169,31.9144668968344,32.6331679398254,31.9073070304454,31.8800630243346,30.9220901569559,30.5465700705365,30.5163211629223,30.3547981324227,29.8112031621702,31.3757339119974,31.4397992504622,30.5406013897547,29.9352607662662,29.8067450999581
Chile,CHL,"Employment in agriculture, male (% of male employment) (modeled ILO estimate)",SL.AGR.EMPL.MA.ZS,14.0854054290685,13.6284210151539,13.168789746954,13.0124195826986,12.6559542692505,12.1769296054459,11.7234229867877,10.584554331418,10.4207063276848,10.3325166777264,10.2206938969721,10.0487204781976,9.91257264724712,9.7598478438246,9.44999557104145,8.64327608611667,8.43438174754897,8.44234984017975,8.25220830608783,8.06407220355513
Chile,CHL,"Employment in agriculture, female (% of female employment) (modeled ILO estimate)",SL.AGR.EMPL.FE.ZS,4.19795510069528,4.03907619973187,3.89428578100553,3.80767588335886,3.68482589219401,3.75027214797841,3.58993546268581,3.44202655108341,3.27461111539099,3.23348858917908,3.60737561960712,3.67427253164802,3.51214463539127,3.23997286183304,3.87837271369822,3.5062634681211,3.39497444792172,3.19150256366769,3.47938632107062,3.37245031372589
Chile,CHL,"Agriculture, forestry, and fishing, value added (current US$)",NV.AGR.TOTL.CD,5710740845.09286,6124418276.41666,6160368529.60416,6350847068.21903,7549658854.29239,9115592752.3596,8744884160.75274,9634970145.29401,10243887114.0184,8993463864.82822,10470213679.0814,11822085480.0084,11619616214.6157,11097485442.7441,10277089708.0288,11054886001.5854,9743713560.06479,11710342833.3599,12921250975.8143,..
Chile,CHL,"Industry (including construction), value added (current US$)",NV.IND.TOTL.CD,59513948384.8103,64626536347.2479,57537471669.805,54778600268.4595,72640317690.0886,81552916811.885,81598234980.4347,81638567115.4066,75020564489.6268,67596711883.5489,66773470030.0357,75614228911.4751,82430422291.4835,75466572919.5047,75779677655.5134,97309631934.9445,93479785970.6138,96639351454.364,99363650037.9096,..
Colombia,COL,"Employment in services, male (% of male employment) (modeled ILO estimate)",SL.SRV.EMPL.MA.ZS,50.7081248826706,52.121014825001,52.4605801188373,52.0582885712346,52.3085702699991,52.0932550845459,52.8948578810105,54.338485393936,54.4923621536516,54.7971602813412,55.0963916993171,54.8132719673096,54.5292748545442,54.7874826625929,54.4226580668515,54.859347138456,54.5343236804308,55.232665981721,55.463770462617,55.5938199205055
Colombia,COL,"Employment in services, female (% of female employment) (modeled ILO estimate)",SL.SRV.EMPL.FE.ZS,76.4207741697703,77.2991585150208,77.674430031231,76.9190696862345,77.039783941967,76.6805178373098,76.3500100784116,78.1974243999993,78.8683152011254,79.1548128373193,79.9101452523749,78.3576993598568,77.6178695363658,78.6537931278868,79.9809928511623,80.5499962307931,80.7974988448058,80.8571433286357,80.7746001197646,80.8428225104243
Colombia,COL,"Employment in industry, female (% of female employment) (modeled ILO estimate)",SL.IND.EMPL.FE.ZS,17.567062141139,16.7947913764235,16.5015330338189,16.979484177796,16.8897689451255,17.0558543830019,17.0914501852035,15.693391751773,15.2229486041329,14.6610139113024,13.9005265467163,15.0038036085948,15.7931305723015,15.5530590526897,13.8434711683974,13.3426130899958,13.4227607808918,13.1484765123486,13.3097574129702,13.228896873746
Colombia,COL,"Employment in industry, male (% of male employment) (modeled ILO estimate)",SL.IND.EMPL.MA.ZS,22.882656864005,23.1375076981411,23.22415491043,22.4704211371607,22.5836853874656,23.6787598884113,23.6142440300564,22.7777583947571,23.4254753119514,23.4334996911181,23.1569129324965,22.7519701069807,23.0325034101506,23.7014156130511,23.6245620961864,24.268121133545,24.9307957617058,24.6514647488189,24.5979580224906,24.6258619048957
Colombia,COL,"Employment in agriculture, male (% of male employment) (modeled ILO estimate)",SL.AGR.EMPL.MA.ZS,26.4092182533243,24.7414774768579,24.3152649707327,25.471281498055,25.1077443425353,24.2279766920634,23.4908899338295,22.8837562113069,22.0821625343971,21.7693478197177,21.7467031194881,22.4347655521024,22.4382142437616,21.511101724356,21.9527875847296,20.8725170350292,20.5348733500272,20.1158833109862,19.9382645684928,19.7803249475855
Colombia,COL,"Employment in agriculture, female (% of female employment) (modeled ILO estimate)",SL.AGR.EMPL.FE.ZS,6.01216368909063,5.90605010855564,5.82403693495014,6.10144613596948,6.07044711290745,6.26362777968827,6.55853973638495,6.10918384822764,5.90873619474174,6.18416201418965,6.18932820090885,6.63849703154838,6.58901092354511,5.79314781942348,6.17554813956831,6.10739067921108,5.77972954266441,5.99439047292146,5.9156424672652,5.92828061582968
Colombia,COL,"Agriculture, forestry, and fishing, value added (current US$)",NV.AGR.TOTL.CD,11627687073.4214,14301108522.6936,16217185820.3306,15551550762.1594,18120613639.5651,20405118997.7715,20694526449.9221,20605223942.4901,20766026770.2095,17552090518.0814,18677655383.9205,19927244054.7848,20806210846.616,20708660529.0066,20299052491.5933,24755330012.1092,30524688231.4051,32262702686.4588,38878036435.8259,..
Colombia,COL,"Industry (including construction), value added (current US$)",NV.IND.TOTL.CD,50015801676.9482,63063003636.3491,77919229570.4499,72639562982.0873,89878475353.4431,111550941980.763,123831232069.53,125126344711.715,118130732770.145,83907848232.0306,78282827456.3007,83626662574.754,89884170639.7275,83967008909.131,63367593048.1199,78214717560.6457,90289583821.0475,90446849308.4186,96582736122.5346,..
,,,,,,,,,,,,,,,,,,,,,,,
,,,,,,,,,,,,,,,,,,,,,,,
,,,,,,,,,,,,,,,,,,,,,,,
Data from database: World Development Indicators,,,,,,,,,,,,,,,,,,,,,,,
Last Updated: 04/08/2026,,,,,,,,,,,,,,,,,,,,,,,
